login_user,03-06-2025 05:58:12
attached_farm_to_user_scope,03-06-2025 05:58:19
list_seed_inventory,03-06-2025 05:58:25
plant_seeds,03-06-2025 05:58:42
login_user,03-06-2025 06:01:08
attached_farm_to_user_scope,03-06-2025 06:01:21
plant_seeds,03-06-2025 06:01:23
view_all_land_lots,03-06-2025 06:01:50
check_balance,03-06-2025 06:02:01
login_user,03-06-2025 06:02:23
list_farm_contact_info,03-06-2025 06:03:46
register_new_user,03-06-2025 08:21:46
attached_farm_to_user_scope,03-06-2025 08:28:59
inspect_seed_market,03-06-2025 08:30:32
buy_seeds,03-06-2025 08:33:38
buy_seeds,03-06-2025 08:34:20
list_seed_inventory,03-06-2025 08:34:31
add_land_lot,03-06-2025 08:34:37
view_all_land_lots,03-06-2025 08:35:02
plant_seeds,03-06-2025 08:35:08
check_balance,03-06-2025 08:45:15
buy_seeds,03-06-2025 08:45:21
list_seed_inventory,03-06-2025 08:45:41
add_land_lot,03-06-2025 08:45:51
login_user,03-06-2025 09:44:13
attached_farm_to_user_scope,03-06-2025 09:44:47
login_user,03-06-2025 10:18:27
attached_farm_to_user_scope,03-06-2025 10:18:36
inspect_seed_market,03-06-2025 10:18:47
buy_seeds,03-06-2025 10:18:53
list_seed_inventory,03-06-2025 10:19:21
view_all_land_lots,03-06-2025 10:19:46
add_land_lot,03-06-2025 10:20:07
view_all_land_lots,03-06-2025 10:20:24
plant_seeds,03-06-2025 10:20:30
